[
    {
        "private_ip_address":  "100.113.22.3",
        "object_index":  "203",
        "notes":  "Free"
    },
    {
        "private_ip_address":  "100.113.22.4",
        "object_index":  "204",
        "notes":  "Free"
    },
    {
        "private_ip_address":  "100.113.22.5",
        "object_index":  "205",
        "notes":  "Free"
    },
    {
        "private_ip_address":  "100.113.22.6",
        "object_index":  "206",
        "notes":  "Free"
    },
    {
        "private_ip_address":  "100.113.22.7",
        "object_index":  "207",
        "notes":  "Free"
    },
    {
        "private_ip_address":  "100.113.22.8",
        "object_index":  "208",
        "notes":  "Free"
    },
    {
        "private_ip_address":  "100.113.22.9",
        "object_index":  "209",
        "notes":  "Free"
    },
    {
        "private_ip_address":  "100.113.22.10",
        "object_index":  "210",
        "notes":  "Free"
    },
    {
        "private_ip_address":  "100.113.22.11",
        "object_index":  "211",
        "notes":  "Free"
    },
    {
        "private_ip_address":  "100.113.22.12",
        "object_index":  "212",
        "notes":  "Free"
    },
    {
        "private_ip_address":  "100.113.22.13",
        "object_index":  "213",
        "notes":  "Free"
    },
    {
        "private_ip_address":  "100.113.22.14",
        "object_index":  "214",
        "notes":  "Free"
    },
    {
        "private_ip_address":  "100.113.22.15",
        "object_index":  "215",
        "notes":  "Free"
    },
    {
        "private_ip_address":  "100.113.22.16",
        "object_index":  "216",
        "notes":  "Free"
    },
    {
        "private_ip_address":  "100.113.22.17",
        "object_index":  "217",
        "notes":  "Free"
    },
    {
        "private_ip_address":  "100.113.22.18",
        "object_index":  "218",
        "notes":  "Free"
    },
    {
        "private_ip_address":  "100.113.22.19",
        "object_index":  "219",
        "notes":  "Free"
    },
    {
        "private_ip_address":  "100.113.22.20",
        "object_index":  "220",
        "notes":  "Free"
    },
    {
        "private_ip_address":  "100.113.22.21",
        "object_index":  "221",
        "notes":  "Free"
    },
    {
        "private_ip_address":  "100.113.22.22",
        "object_index":  "222",
        "notes":  "Free"
    },
    {
        "private_ip_address":  "100.113.22.23",
        "object_index":  "223",
        "notes":  "Free"
    },
    {
        "private_ip_address":  "100.113.22.24",
        "object_index":  "224",
        "notes":  "Free"
    },
    {
        "private_ip_address":  "100.113.22.25",
        "object_index":  "225",
        "notes":  "Free"
    },
    {
        "private_ip_address":  "100.113.22.26",
        "object_index":  "226",
        "notes":  "Free"
    },
    {
        "private_ip_address":  "100.113.22.27",
        "object_index":  "227",
        "notes":  "Free"
    },
    {
        "private_ip_address":  "100.113.22.28",
        "object_index":  "228",
        "notes":  "Free"
    },
    {
        "private_ip_address":  "100.113.22.29",
        "object_index":  "229",
        "notes":  "Free"
    },
    {
        "private_ip_address":  "100.113.22.30",
        "object_index":  "230",
        "notes":  "Free"
    },
    {
        "private_ip_address":  "100.113.22.31",
        "object_index":  "231",
        "notes":  "Free"
    },
    {
        "private_ip_address":  "100.113.22.32",
        "object_index":  "232",
        "notes":  "Free"
    },
    {
        "private_ip_address":  "100.113.22.33",
        "object_index":  "233",
        "notes":  "Free"
    },
    {
        "private_ip_address":  "100.113.22.34",
        "object_index":  "234",
        "notes":  "Free"
    },
    {
        "private_ip_address":  "100.113.22.35",
        "object_index":  "235",
        "notes":  "Free"
    },
    {
        "private_ip_address":  "100.113.22.36",
        "object_index":  "236",
        "notes":  "Free"
    },
    {
        "private_ip_address":  "100.113.22.37",
        "object_index":  "237",
        "notes":  "Free"
    },
    {
        "private_ip_address":  "100.113.22.38",
        "object_index":  "238",
        "notes":  "Free"
    },
    {
        "private_ip_address":  "100.113.22.39",
        "object_index":  "239",
        "notes":  "Free"
    },
    {
        "private_ip_address":  "100.113.22.40",
        "object_index":  "240",
        "notes":  "Free"
    },
    {
        "private_ip_address":  "100.113.22.41",
        "object_index":  "241",
        "notes":  "Free"
    },
    {
        "private_ip_address":  "100.113.22.42",
        "object_index":  "242",
        "notes":  "Free"
    },
    {
        "private_ip_address":  "100.113.22.43",
        "object_index":  "243",
        "notes":  "Free"
    },
    {
        "private_ip_address":  "100.113.22.44",
        "object_index":  "244",
        "notes":  "Free"
    },
    {
        "private_ip_address":  "100.113.22.45",
        "object_index":  "245",
        "notes":  "Free"
    },
    {
        "private_ip_address":  "100.113.22.46",
        "object_index":  "246",
        "notes":  "Free"
    },
    {
        "private_ip_address":  "100.113.22.47",
        "object_index":  "247",
        "notes":  "Free"
    },
    {
        "private_ip_address":  "100.113.22.48",
        "object_index":  "248",
        "notes":  "Free"
    },
    {
        "private_ip_address":  "100.113.22.49",
        "object_index":  "249",
        "notes":  "Free"
    },
    {
        "private_ip_address":  "100.113.22.50",
        "object_index":  "250",
        "notes":  "Free"
    },
    {
        "private_ip_address":  "100.113.22.51",
        "object_index":  "251",
        "notes":  "Free"
    },
    {
        "private_ip_address":  "100.113.22.52",
        "object_index":  "252",
        "notes":  "Free"
    },
    {
        "private_ip_address":  "100.113.22.53",
        "object_index":  "253",
        "notes":  "Free"
    },
    {
        "private_ip_address":  "100.113.22.54",
        "object_index":  "254",
        "notes":  "Free"
    },
    {
        "private_ip_address":  "100.113.22.55",
        "object_index":  "255",
        "notes":  "Free"
    },
    {
        "private_ip_address":  "100.113.22.56",
        "object_index":  "256",
        "notes":  "Free"
    },
    {
        "private_ip_address":  "100.113.22.57",
        "object_index":  "257",
        "notes":  "Free"
    },
    {
        "private_ip_address":  "100.113.22.58",
        "object_index":  "258",
        "notes":  "Free"
    },
    {
        "private_ip_address":  "100.113.22.59",
        "object_index":  "259",
        "notes":  "Free"
    },
    {
        "private_ip_address":  "100.113.22.60",
        "object_index":  "260",
        "notes":  "Free"
    },
    {
        "private_ip_address":  "100.113.22.61",
        "object_index":  "261",
        "notes":  "Free"
    },
    {
        "private_ip_address":  "100.113.22.62",
        "object_index":  "262",
        "notes":  "Free"
    }
]
