{
	"subnet" : "100.113.22.0/16",
	"applications" : [
		{
			"name" : "reserved_range",
			"space": [
			  {
				 "ip_address":"100.113.22.0",
				 "workload":"000",
				 "description":"Reserved"
			  },
			  {
				 "ip_address":"100.113.22.1",
				 "workload":"001",
				 "description":"Reserved"
			  },
			  {
				 "ip_address":"100.113.22.2",
				 "workload":"002",
				 "description":"Reserved"
			  }
			]
		},
		{
			"name" : "application_demo_range",
			"space": [
			  {
				 "ip_address":"100.113.22.3",
				 "workload":"000",
				 "description":"Free"
			  },
			  {
				 "ip_address":"100.113.22.4",
				 "workload":"001",
				 "description":"Free"
			  },
			  {
				 "ip_address":"100.113.22.5",
				 "workload":"002",
				 "description":"Free"
			  },
			  {
				 "ip_address":"100.113.22.6",
				 "workload":"003",
				 "description":"Free"
			  }
			]
		},
		{
			"name" : "application_test_range",
			"space": [
			  {
				 "ip_address":"100.113.22.7",
				 "workload":"004",
				 "description":"Free"
			  },
			  {
				 "ip_address":"100.113.22.8",
				 "workload":"005",
				 "description":"Free"
			  },
			  {
				 "ip_address":"100.113.22.9",
				 "workload":"006",
				 "description":"Free"
			  },
			  {
				 "ip_address":"100.113.22.10",
				 "workload":"007",
				 "description":"Free"
			  },
			  {
				 "ip_address":"100.113.22.11",
				 "workload":"008",
				 "description":"Free"
			  },
			  {
				 "ip_address":"100.113.22.12",
				 "workload":"009",
				 "description":"Free"
			  },
			  {
				 "ip_address":"100.113.22.13",
				 "workload":"010",
				 "description":"Free"
			  },
			  {
				 "ip_address":"100.113.22.14",
				 "workload":"011",
				 "description":"Free"
			  },
			  {
				 "ip_address":"100.113.22.15",
				 "workload":"012",
				 "description":"Free"
			  }
			]
		},
		{
			"name" : "application_release_range",
			"space": [
			  {
				 "ip_address":"100.113.22.16",
				 "workload":"013",
				 "description":"Free"
			  },
			  {
				 "ip_address":"100.113.22.17",
				 "workload":"014",
				 "description":"Free"
			  },
			  {
				 "ip_address":"100.113.22.18",
				 "workload":"015",
				 "description":"Free"
			  },
			  {
				 "ip_address":"100.113.22.19",
				 "workload":"016",
				 "description":"Free"
			  },
			  {
				 "ip_address":"100.113.22.20",
				 "workload":"017",
				 "description":"Free"
			  },
			  {
				 "ip_address":"100.113.22.21",
				 "workload":"018",
				 "description":"Free"
			  },
			  {
				 "ip_address":"100.113.22.22",
				 "workload":"019",
				 "description":"Free"
			  },
			  {
				 "ip_address":"100.113.22.23",
				 "workload":"020",
				 "description":"Free"
			  },
			  {
				 "ip_address":"100.113.22.24",
				 "workload":"021",
				 "description":"Free"
			  },
			  {
				 "ip_address":"100.113.22.25",
				 "workload":"022",
				 "description":"Free"
			  },
			  {
				 "ip_address":"100.113.22.26",
				 "workload":"023",
				 "description":"Free"
			  },
			  {
				 "ip_address":"100.113.22.27",
				 "workload":"024",
				 "description":"Free"
			  },
			  {
				 "ip_address":"100.113.22.28",
				 "workload":"025",
				 "description":"Free"
			  },
			  {
				 "ip_address":"100.113.22.29",
				 "workload":"026",
				 "description":"Free"
			  },
			  {
				 "ip_address":"100.113.22.30",
				 "workload":"027",
				 "description":"Free"
			  },
			  {
				 "ip_address":"100.113.22.31",
				 "workload":"028",
				 "description":"Free"
			  },
			  {
				 "ip_address":"100.113.22.32",
				 "workload":"029",
				 "description":"Free"
			  },
			  {
				 "ip_address":"100.113.22.33",
				 "workload":"030",
				 "description":"Free"
			  },
			  {
				 "ip_address":"100.113.22.34",
				 "workload":"031",
				 "description":"Free"
			  },
			  {
				 "ip_address":"100.113.22.35",
				 "workload":"032",
				 "description":"Free"
			  },
			  {
				 "ip_address":"100.113.22.36",
				 "workload":"033",
				 "description":"Free"
			  },
			  {
				 "ip_address":"100.113.22.37",
				 "workload":"034",
				 "description":"Free"
			  },
			  {
				 "ip_address":"100.113.22.38",
				 "workload":"035",
				 "description":"Free"
			  },
			  {
				 "ip_address":"100.113.22.39",
				 "workload":"036",
				 "description":"Free"
			  },
			  {
				 "ip_address":"100.113.22.40",
				 "workload":"037",
				 "description":"Free"
			  },
			  {
				 "ip_address":"100.113.22.41",
				 "workload":"038",
				 "description":"Free"
			  },
			  {
				 "ip_address":"100.113.22.42",
				 "workload":"039",
				 "description":"Free"
			  },
			  {
				 "ip_address":"100.113.22.43",
				 "workload":"040",
				 "description":"Free"
			  },
			  {
				 "ip_address":"100.113.22.44",
				 "workload":"041",
				 "description":"Free"
			  },
			  {
				 "ip_address":"100.113.22.45",
				 "workload":"042",
				 "description":"Free"
			  },
			  {
				 "ip_address":"100.113.22.46",
				 "workload":"043",
				 "description":"Free"
			  },
			  {
				 "ip_address":"100.113.22.47",
				 "workload":"044",
				 "description":"Free"
			  },
			  {
				 "ip_address":"100.113.22.48",
				 "workload":"045",
				 "description":"Free"
			  },
			  {
				 "ip_address":"100.113.22.49",
				 "workload":"046",
				 "description":"Free"
			  },
			  {
				 "ip_address":"100.113.22.50",
				 "workload":"047",
				 "description":"Free"
			  },
			  {
				 "ip_address":"100.113.22.51",
				 "workload":"048",
				 "description":"Free"
			  },
			  {
				 "ip_address":"100.113.22.52",
				 "workload":"049",
				 "description":"Free"
			  },
			  {
				 "ip_address":"100.113.22.53",
				 "workload":"050",
				 "description":"Free"
			  },
			  {
				 "ip_address":"100.113.22.54",
				 "workload":"051",
				 "description":"Free"
			  },
			  {
				 "ip_address":"100.113.22.55",
				 "workload":"052",
				 "description":"Free"
			  },
			  {
				 "ip_address":"100.113.22.56",
				 "workload":"053",
				 "description":"Free"
			  },
			  {
				 "ip_address":"100.113.22.57",
				 "workload":"054",
				 "description":"Free"
			  },
			  {
				 "ip_address":"100.113.22.58",
				 "workload":"055",
				 "description":"Free"
			  },
			  {
				 "ip_address":"100.113.22.59",
				 "workload":"056",
				 "description":"Free"
			  },
			  {
				 "ip_address":"100.113.22.60",
				 "workload":"057",
				 "description":"Free"
			  },
			  {
				 "ip_address":"100.113.22.61",
				 "workload":"058",
				 "description":"Free"
			  },
			  {
				 "ip_address":"100.113.22.62",
				 "workload":"059",
				 "description":"Free"
			  }
			]
		},
		{
			"name" : "reserved_range",
			"space": [
			  {
				 "ip_address":"100.113.22.63",
				 "workload":"000",
				 "description":"Reserved"
			  }
			]
		}
   ]
}