{
	"primary_zones": [{
			"option": "0",
			"zone": "1"
		},
		{
			"option": "1,2",
			"zone": "1"
		},
		{
			"option": "1,3",
			"zone": "1"
		},
		{
			"option": "2,1",
			"zone": "2"
		},
		{
			"option": "2,3",
			"zone": "2"
		},
		{
			"option": "3,1",
			"zone": "3"
		},
		{
			"option": "3,2",
			"zone": "3"
		}        
	],
	"secondary_zones": [{
			"option": "2,1",
			"zone": "1"
		},
		{
			"option": "3,1",
			"zone": "1"
		},
		{
			"option": "1,2",
			"zone": "2"
		},
		{
			"option": "3,2",
			"zone": "2"
		},
		{
			"option": "0",
			"zone": "3"
		},
		{
			"option": "1,3",
			"zone": "3"
		},        
		{
			"option": "2,3",
			"zone": "3"
		}
	]
}